1507365137,187.218.83.136,John.Smith,SUCCESS
1507365137,187.218.83.137,Jane.Smith,FAILURE
1507365138,187.218.83.137,Jane.Smith,FAILURE
1507365139,187.218.83.137,Jane.Smith,FAILURE
1507365140,187.218.83.137,Jane.Smith,FAILURE
1507365141,187.218.83.137,Jane.Smith,FAILURE
1507365142,187.218.83.137,Jane.Smith,FAILURE
1507365137,187.218.83.136,John.Smith,FAILURE
1507365138,187.218.83.136,John.Smith,FAILURE
1507365139,187.218.83.136,John.Smith,FAILURE
1507365140,187.218.83.137,Jane.Smith,SUCCESS
1507365141,187.218.83.137,Jane.Smith,FAILURE
1507365142,187.218.83.137,Jane.Smith,FAILURE
1507365139,187.218.83.136,John.Smith,FAILURE
1507365139,187.218.83.136,John.Smith,SUCCESS
1507365139,187.218.83.136,John.Smith,FAILURE
